Gene_Symbol,GeneID,Cancer_Molecular_Genetics,ens_id,fam_age,len_age,rate,root_boot,corr_age,corr_len_age,corr_rate,corr_root_boot
LASP1,3927,Dom,ENSG00000002834,937.4571429,937.4571429,106.6737273,0,14.85,14.85,0.000976431,97
HOXA11,3207,Dom,ENSG00000005073,937.4571429,937.4571429,0.004752073,0,92.43333333,92.43333333,0.000191327,96
CREBBP,1387,Both,ENSG00000005339,1369.038462,1368.876119,0.002827407,0,92.43333333,91.74095915,0.000270076,100
ETV1,2115,Dom,ENSG00000006468,940,940,0.002010577,0,92.43333333,92.43333333,0.000454273,93
GAS7,8522,Dom,ENSG00000007237,839.4428571,837.4850005,0.000630943,0,722.5,720.7636451,0.000733067,100
CD79B,974,Dom,ENSG00000007312,400.1,397.9164255,0.00122962,0,313.4111111,310.8150696,0.001569731,100
PAX7,5081,Dom,ENSG00000009709,937.4571429,934.8833188,0.003562238,0,92.43333333,78.73902469,0.000382946,95
BRCA1,672,Rec,ENSG00000012048,1369.038462,1369.038462,0.001959897,0,163.8842105,163.8842105,0.000625442,99
WAS,7454,Both,ENSG00000015285,1215.81,1210.325671,0.000818911,0,92.43333333,84.38039225,0.000258835,100
WWTR1,25937,Dom,ENSG00000018408,940,940,0.001580654,0,163.8842105,163.8842105,0.000190482,86
CD74,972,Dom,ENSG00000019582,400.1,398.5337654,0.00100862,0,167.38125,165.3456517,0.000852377,99
BIRC3,330,Dom,ENSG00000023445,937.4571429,937.006915,0.004308756,0,6.083333333,0,0.00034537,100
FAS,355,Rec,ENSG00000026103,400.1,399.1460466,0.001762657,0,92.43333333,91.25769749,0.00070639,85
RAB5EP,9135,Dom,ENSG00000029725,940,939.4286128,0.001441656,0,92.43333333,90.34459206,0.000103458,100
CDH1,999,Rec,ENSG00000039068,937.4571429,935.8741555,0.001682863,0,167.38125,164.8581668,0.000450588,80
TPR,7175,Dom,ENSG00000047410,1369.038462,1368.418406,0.002243821,0,92.43333333,90.47521106,0.000490851,94
GOPC,57120,Dom,ENSG00000047932,940,939.2584547,0.003402874,0,14.85,6.089052045,0.000214411,93
ROS1,6098,Dom,ENSG00000047936,1362,1361.999937,73.42124612,0,313.4111111,308.2099434,0.000512056,78
TNFRSF17,608,Dom,ENSG00000048462,167.38125,166.8515699,0.001814176,0,163.8842105,163.3655969,0.001852887,100
ELN,2006,Dom,ENSG00000049540,313.4111111,313.4111111,0.001114846,0,167.38125,167.38125,0.00208748,84
HERPUD1,9709,Dom,ENSG00000051108,937.4571429,937.021993,0.001994314,0,167.38125,166.7368411,0.000637825,95
THRAP3,9967,Dom,ENSG00000054118,400.1,399.8814607,0.003203562,0,92.43333333,91.72955206,0.00141449,99
MLL3,58508,Rec,ENSG00000055609,2535.8,2535.799629,39.43603994,0,92.43333333,75.07641005,0.000605864,79
PRDM1,639,Rec,ENSG00000057657,1381.2,1381.2,0.000604996,0,92.43333333,92.43333333,0.000456491,100
CASP8,841,Rec,ENSG00000064012,940,939.4653335,0.002078857,0,92.43333333,91.41590574,0.000542066,99
PMS1,5378,Rec,ENSG00000064933,3556.3,3552.65766,0.000360075,0,163.8842105,161.5985007,0.000374899,98
MAP2K4,6416,Rec,ENSG00000065559,2269.5,2269.5,0.000625147,0,92.43333333,92.43333333,0.000138673,99
GOLGA5,9950,Dom,ENSG00000066455,937.4571429,936.2506502,0.001849503,0,163.8842105,161.5785561,0.000424043,86
FGFR2,2263,Dom,ENSG00000066468,1369.038462,1369.038462,0.002088253,0,92.43333333,92.43333333,0.000536516,75
COPEB,1316,Rec,ENSG00000067082,1215.81,1215.81,0.002401081,0,92.43333333,92.43333333,0.000012,96
ATP2B3,492,Dom,ENSG00000067842,3556.3,3551.985574,0.00031799,0,92.43333333,89.27143552,0.000145705,100
CBFB,865,Dom,ENSG00000067955,940,940,0.001407319,0,14.85,14.85,0.00312963,70
FGFR3,2261,Dom,ENSG00000068078,1369.038462,1368.508063,0.002088253,0,6.083333333,0,0.000218466,98
TFE3,7030,Dom,ENSG00000068323,940,939.9429459,0.003682011,0,6.083333333,5.819787936,0.000922027,87
BCL3,602,Dom,ENSG00000069399,937.4571429,937.4571429,0.002353086,0,400.1,400.1,0.000538895,79
CLTCL1,8218,Dom,ENSG00000070371,2269.5,2268.939154,0.001636922,0,14.85,13.38072617,0.000187071,100
FSTL3,10272,Dom,ENSG00000070404,940,938.8512402,0.00110021,0,92.43333333,90.86337176,0.000318002,100
TCF3,6929,Dom,ENSG00000071564,940,937.6407138,0.003090651,0,92.43333333,86.5345965,0.000562578,100
TFRC,7037,Dom,ENSG00000072274,3556.3,3556.3,0.000714238,0,92.43333333,92.43333333,0.000150422,100
AF5q31,27125,Dom,ENSG00000072364,891.75,891.75,0.00260217,0,400.1,400.1,0.002414061,10
FCGR2B,2213,Dom,ENSG00000072694,400.1,399.2800311,0.003304519,0,92.43333333,91.62944878,0.001917101,57
KDM5A,5927,Dom,ENSG00000073614,1381.2,1378.399208,0.001388724,0,163.8842105,154.6272019,0.000175252,97
PICALM,8301,Dom,ENSG00000073921,1369.038462,1365.412951,0.001941203,0,163.8842105,139.1336663,0.000141161,100
MLH1,4292,Rec,ENSG00000076242,3556.3,3553.555978,0.000360075,0,92.43333333,89.72435029,0.0000523,100
NT5C2,22978,Unkn,ENSG00000076685,2535.8,2534.856827,0.000712984,0,163.8842105,162.4135084,0.000206695,99
NFKB2,4791,Dom,ENSG00000077150,891.75,891.75,0.005014812,0,92.43333333,92.43333333,0.000229062,99
FGFR1,2260,Dom,ENSG00000077782,1369.038462,1369.038462,0.002088253,0,92.43333333,92.43333333,0.000251684,73
HOXA9,3205,Dom,ENSG00000078399,937.4571429,937.4571429,0.004752073,0,0,0,0,0
MLLT10,8028,Dom,ENSG00000078403,1381.2,1381.2,0.001588295,0,163.8842105,163.8842105,0.000505003,97
PCM1,5108,Dom,ENSG00000078674,940,939.4608915,0.001027798,0,14.85,13.36152496,0.000232458,97
CBFA2T1,862,Dom,ENSG00000079102,940,939.1294455,0.00192421,0,92.43333333,89.18982409,0.0002552,95
CIC,23152,Rec,ENSG00000079432,937.4571429,937.2884135,0.007544661,0,361.8076923,359.7774688,0.000109301,91
DNM2,1785,Rec,ENSG00000079805,2269.5,2267.495283,0.001203373,0,92.43333333,89.09919493,0.000318565,99
HSPCA,3320,Dom,ENSG00000080824,2535.8,2533.45108,0.001339336,0,0,0,0,0
PTPRC,5788,Unkn,ENSG00000081237,1215.81,1215.809979,82.25042431,0,14.85,10.82248586,0.000151717,91
ELKS,23085,Dom,ENSG00000082805,937.4571429,937.2059812,0.003607062,0,163.8842105,162.937598,0.000466427,95
XPO1,7514,Dom,ENSG00000082898,2269.5,2267.836992,0.000409674,0,92.43333333,89.65932616,0.000144266,99
PALB2,79728,Rec,ENSG00000083093,400.1,399.1888664,0.000700632,0,361.8076923,360.8480216,0.000774779,100
RUNXBP2,7994,Dom,ENSG00000083168,2269.5,2268.929856,0.001609185,0,167.38125,166.2316408,0.000605205,78
CYLD,1540,Rec,ENSG00000083799,940,939.921165,0.004223201,0,400.1,399.8869231,0.00091913,0
NCOA1,8648,Dom,ENSG00000084676,762.8666667,762.2923913,0.002408089,0,163.8842105,162.1252855,0.000530259,100
ATRX,546,Rec,ENSG00000085224,3556.3,3556.3,0.001146765,0,0,0,0,0
EVI1,2122,Dom,ENSG00000085276,940,940,0.005087272,0,14.85,14.85,0.000122357,89
EPS15,2060,Dom,ENSG00000085832,1299.2,1299.2,0.006586583,0,92.43333333,92.43333333,0.0000583,100
GNAS,2778,Dom,ENSG00000087460,1369.038462,1367.308354,0.000748097,0,92.43333333,86.45659923,0.0000624,100
CNOT3,4849,Dom,ENSG00000088038,2269.5,2265.071627,0.001014783,0,400.1,396.580545,0.000969293,73
FH,2271,Rec,ENSG00000091483,3556.3,3554.59666,0.000308586,0,92.43333333,91.73574283,0.000601623,98
EZR,7430,Dom,ENSG00000092820,940,939.2466523,0.002043739,0,92.43333333,89.89846083,0.000303278,79
MSH2,4436,Rec,ENSG00000095002,2535.8,2532.428334,0.000569961,0,92.43333333,88.99115985,0.000314638,83
HSPCB,3326,Dom,ENSG00000096384,2535.8,2534.946215,0.001339336,0,6.083333333,3.04766128,0.000208932,88
JAK2,3717,Dom,ENSG00000096968,940,939.0149922,0.00113015,0,400.1,399.1886947,0.001202124,14
ABL1,25,Dom,ENSG00000097007,940,939.756288,0.003299761,0,92.43333333,90.68530274,0.000124576,100
SMARCB1,6598,Rec,ENSG00000099956,1381.2,1381.2,0.001689635,0,0,0,0,0
ZNF278,23598,Dom,ENSG00000100105,400.1,399.8499707,0.002742989,0,92.43333333,91.26492803,0.000639791,100
PDGFB,5155,Dom,ENSG00000100311,400.1,399.3948811,0.00216043,0,163.8842105,161.7045517,0.000308199,100
MYH9,4627,Dom,ENSG00000100345,1530.3,1528.4795,0.001381368,0,92.43333333,86.11339355,0.000119913,84
EP300,2033,Rec,ENSG00000100393,1369.038462,1368.083487,0.002827407,0,92.43333333,88.01864713,0.000232427,100
NIN,51199,Dom,ENSG00000100503,940,939.6271927,0.001195705,0,0,0,0,0
DICER1,23405,Rec,ENSG00000100697,1381.2,1381.2,0.00315895,0,92.43333333,92.43333333,0.000349528,99
TCL1A,8115,Dom,ENSG00000100721,313.4111111,312.5302705,0.002826792,0,167.38125,166.9108257,0.005292994,94
CCNB1IP1,57820,Dom,ENSG00000100814,1369.038462,1368.196721,0.001491272,0,400.1,398.4751441,0.000414081,98
TRIP11,9321,Dom,ENSG00000100815,940,939.544466,0.002446924,0,92.43333333,91.43189257,0.00066634,100
STAG2,10735,Rec,ENSG00000101972,1530.3,1530.179875,0.001909068,0,92.43333333,91.82015048,0.000291756,100
ELF4,2000,Dom,ENSG00000102034,940,938.7553289,0.002712987,0,92.43333333,87.22796468,0.00018145,94
GATA1,2623,Dom,ENSG00000102145,1215.81,1212.462053,0.003901814,0,313.4111111,298.8653616,0.000481403,68
AXIN1,8312,Rec,ENSG00000103126,940,940,0.001917501,0,92.43333333,92.43333333,0.000698298,99
TSC2,7249,Rec,ENSG00000103197,1381.2,1381.199918,72.40081324,0,0,0,0,0
NBS1,4683,Rec,ENSG00000104320,1369.038462,1366.253212,0.001012213,0,167.38125,166.4886332,0.00404721,0
NDRG1,10397,Dom,ENSG00000104419,1369.038462,1366.115454,0.001451037,0,92.43333333,87.36082784,0.000215301,100
UBR5,51366,Unkn,ENSG00000104517,2269.5,2269.5,0.000953087,0,92.43333333,92.43333333,0.000456405,79
ERCC2,2068,Rec,ENSG00000104884,2269.5,2266.796969,0.000724292,0,14.85,11.44708671,0.00035697,84
LYL1,4066,Dom,ENSG00000104903,937.4571429,937.4571429,0.006766665,0,0,0,0,0
CCNE1,898,Dom,ENSG00000105173,2269.5,2269.5,0.000757395,0,163.8842105,163.8842105,0.00038249,72
AKT2,208,Dom,ENSG00000105221,1215.81,1215.272401,0.001087714,0,92.43333333,91.37047205,0.000340602,99
CD79A,973,Dom,ENSG00000105369,400.1,399.5026005,0.000789773,0,361.8076923,361.2331813,0.000873359,99
TFPT,29844,Dom,ENSG00000105619,762.8666667,761.1405153,0.000585709,0,92.43333333,89.33744385,0.000431641,100
JAK3,3718,Dom,ENSG00000105639,940,938.6905534,0.00113015,0,400.1,398.8885318,0.001202124,14
ELL,8178,Dom,ENSG00000105656,940,940,0.002351207,0,0,0,0,0
MECT1,23373,Dom,ENSG00000105662,891.75,890.6075679,0.002307846,0,92.43333333,89.40875102,0.00035987,100
CDK6,1021,Dom,ENSG00000105810,2269.5,2267.410683,0.000421097,0,163.8842105,161.3019838,0.0000817,98
MET,4233,Dom,ENSG00000105976,1369.038462,1369.038426,73.04431912,0,0,0,0,0
GATA3,2625,Rec,ENSG00000107485,1215.81,1215.15173,0.003901814,0,92.43333333,88.57603855,0.000471475,93
TLX1,3195,Dom,ENSG00000107807,940,939.9999585,106.3842104,0,0,0,0,0
SUFU,51684,Rec,ENSG00000107882,2535.8,2535.8,0.000455301,0,92.43333333,92.43333333,0.00026974,96
D10S170,8030,Dom,ENSG00000108091,1369.038462,1368.503473,0.001298117,0,92.43333333,91.27200079,0.000160321,90
MLLT6,4302,Dom,ENSG00000108292,1381.2,1379.610605,0.001588295,0,92.43333333,83.5373019,0.0000586,100
RNF43,54894,Rec,ENSG00000108375,1369.038462,1367.441951,0.003649896,0,400.1,397.178393,0.001207808,24
DDX5,1655,Dom,ENSG00000108654,1530.3,1530.3,0.000642388,0,742.8888889,742.8888889,0.000274609,96
COL1A1,1277,Dom,ENSG00000108821,2535.8,2530.364876,0.000381446,0,163.8842105,158.3977969,0.000257535,100
HLF,3131,Dom,ENSG00000108924,940,939.6465825,0.004878873,0,163.8842105,159.8562234,0.000280887,98
PRKAR1A,5573,Both,ENSG00000108946,2535.8,2535.137063,0.001315954,0,313.4111111,311.1095495,0.000215509,86
YWHAE,7531,Dom,ENSG00000108953,2269.5,2269.5,0.000919318,0,6.083333333,6.083333333,0.000245753,84
PHOX2B,8929,Rec,ENSG00000109132,940,932.7122512,0.001132565,0,0,0,0,0
CHIC2,26511,Dom,ENSG00000109220,940,940,0.000888352,0,163.8842105,163.8842105,0.000141582,84
FBXW7,55294,Rec,ENSG00000109670,1530.3,1530.3,65.3471448,0,163.8842105,163.8842105,0.000325413,73
WHSC1,7468,Dom,ENSG00000109685,2535.8,2535.8,39.43637571,0,92.43333333,92.43333333,0.0004126,94
ZNF145,7704,Dom,ENSG00000109906,400.1,399.264819,0.004906686,0,0,0,0,0
CCND1,595,Dom,ENSG00000110092,2269.5,2266.599805,0.000757395,0,0,0,0,0
CBL,867,Both,ENSG00000110395,940,939.5155918,0.003181913,0,163.8842105,161.1636836,0.000181579,81
CARS,833,Dom,ENSG00000110619,3556.3,3548.617735,0.000289093,0,400.1,394.6627214,0.000162732,84
NUP98,4928,Dom,ENSG00000110713,1369.038462,1368.650438,0.002398461,0,92.43333333,90.11262955,0.000140025,77
POU2AF1,5450,Dom,ENSG00000110777,361.8076923,360.9875989,0.001017635,0,163.8842105,162.9263465,0.000518488,95
ALDH2,217,Dom,ENSG00000111275,2535.8,2531.810648,0.000364613,0,92.43333333,90.32875109,0.00039952,100
FANCE,2178,Rec,ENSG00000112039,891.75,890.7208905,0.001116628,0,400.1,399.3236999,0.001608548,100
TFEB,7942,Dom,ENSG00000112561,940,939.7522415,0.003682011,0,92.43333333,90.69445411,0.0000243,99
CCND3,896,Dom,ENSG00000112576,2269.5,2269.5,0.000757395,0,92.43333333,92.43333333,0.000291367,99
ITK,3702,Dom,ENSG00000113263,940,938.6587839,0.003299761,0,400.1,396.5810967,0.000548953,10
LIFR,3977,Dom,ENSG00000113594,400.1,392.7424142,0.001825461,0,167.38125,150.7544993,0.000666646,99
PDGFRB,5159,Dom,ENSG00000113721,1369.038462,1366.912477,0.002088253,0,361.8076923,352.9206139,0.000226971,91
BCL6,604,Dom,ENSG00000113916,1381.2,1379.023176,0.000604996,0,92.43333333,88.59201839,0.000280624,94
TFG,10342,Dom,ENSG00000114354,940,939.5621162,0.002387199,0,400.1,398.4975976,0.000291402,99
CBLB,868,Rec,ENSG00000114423,940,939.0261315,0.003181913,0,0,0,0,0
FOXP1,27086,Dom,ENSG00000114861,1215.81,1215.81,164.5013978,0,92.43333333,92.43333333,0.000181039,70
SF3B1,23451,Dom,ENSG00000115524,1530.3,1529.213511,0.001675603,0,400.1,397.0759945,0.000308068,76
NFE2L2,4780,Dom,ENSG00000116044,940,940,0.002723788,0,163.8842105,163.8842105,0.000275017,100
MSH6,2956,Rec,ENSG00000116062,2535.8,2533.263572,0.000569961,0,163.8842105,161.2239296,0.000293787,100
BCL9,607,Dom,ENSG00000116128,400.1,399.9182695,0.001193909,0,14.85,14.82636782,0.020605455,5
PMX1,5396,Dom,ENSG00000116132,940,940,0.001132565,0,92.43333333,92.43333333,0.000473541,98
RPL22,6146,Dom,ENSG00000116251,1530.3,1530.3,0.000591945,0,0,0,0,0
SFPQ,6421,Dom,ENSG00000116560,940,938.0102344,0.000992645,0,167.38125,163.7809957,0.000339357,96
MYCL1,4610,Dom,ENSG00000116990,940,938.4980474,0.001497102,0,891.75,890.3251423,0.001578106,0
SDHB,6390,Rec,ENSG00000117118,3556.3,3551.355845,0.000502363,0,92.43333333,88.76942919,0.000440458,87
ARID1A,8289,Rec,ENSG00000117713,1184.5,1184.5,0.0049939,0,163.8842105,163.8842105,0.0000641,100
STK11,6794,Rec,ENSG00000118046,1530.3,1524.691322,0.000516637,0,92.43333333,87.33344366,0.000570779,94
MLL,4297,Dom,ENSG00000118058,2535.8,2535.8,39.43603994,0,163.8842105,163.8842105,0.000202637,92
TNFAIP3,7128,Rec,ENSG00000118503,940,939.1003336,0.002861719,0,400.1,396.6707832,0.000123884,100
MYB,4602,Dom,ENSG00000118513,1381.2,1381.2,0.001487258,0,0,0,0,0
FOXO3A,2309,Dom,ENSG00000118689,940,939.2745945,0.00190879,0,92.43333333,89.55367155,0.000059,93
CCND2,894,Dom,ENSG00000118971,2269.5,2269.5,0.000757395,0,92.43333333,92.43333333,0.000452099,98
SET,6418,Dom,ENSG00000119335,1381.2,1379.99055,0.000771435,0,14.85,11.14532339,0.000415421,98
CEP1,11064,Dom,ENSG00000119397,1381.2,1381.2,72.40190797,0,14.85,14.85,0.000229293,83
NR4A3,8013,Dom,ENSG00000119508,937.4571429,937.4571429,0.001459434,0,92.43333333,92.43333333,0.000229192,100
CSF3R,1441,Unkn,ENSG00000119535,400.1,398.218069,0.001825461,0,167.38125,164.4221676,0.000705987,100
FVT1,2531,Dom,ENSG00000119537,2535.8,2535.8,0.000406596,0,163.8842105,163.8842105,0.000147574,71
DNMT3A,1788,Rec,ENSG00000119772,1369.038462,1368.80478,0.00177054,0,92.43333333,91.42664316,0.000343761,77
BCL11A,53335,Dom,ENSG00000119866,937.4571429,937.2908775,0.002156449,0,0,0,0,0
CD274,29126,Dom,ENSG00000120217,400.1,399.0771656,0.001670975,0,92.43333333,90.85098526,0.001529859,100
ZNF198,7750,Dom,ENSG00000121741,792.4,792.4,0.008913108,0,361.8076923,361.8076923,0.002676085,0
FLT3,2322,Dom,ENSG00000122025,1369.038462,1368.492897,0.002088253,0,14.85,11.75502363,0.0000465,100
RPL5,6125,Unkn,ENSG00000122406,3556.3,3554.018821,0.000487998,0,6.083333333,0,0,71
PMS2,5395,Rec,ENSG00000122512,3556.3,3556.3,0.000360075,0,0,0,0,0
HNRNPA2B,3181,Dom,ENSG00000122566,1369.038462,1369.038462,0.0012829,0,92.43333333,92.43333333,0.000556098,100
KIAA1549,57670,Dom,ENSG00000122778,400.1,398.6707915,0.001316311,0,163.8842105,160.3506598,0.000609143,100
TIF1,8805,Dom,ENSG00000122779,940,939.9999898,106.3834646,0,163.8842105,161.8003235,0.000256419,87
CDKN2C,1031,Rec,ENSG00000123080,742.8888889,742.8888889,0.000943561,0,0,0,0,0
ATF1,466,Dom,ENSG00000123268,940,940,0.002480177,0,163.8842105,163.8842105,0.000290156,97
HOXC13,3229,Dom,ENSG00000123364,937.4571429,937.4571429,0.004752073,0,92.43333333,92.43333333,0.000140415,100
HOXC11,3227,Dom,ENSG00000123388,937.4571429,936.7183666,0.004752073,0,0,0,0,0
SIL,6491,Dom,ENSG00000123473,940,938.5696043,0.000967755,0,163.8842105,161.4856419,0.000403938,91
SDC4,6385,Dom,ENSG00000124145,937.4571429,933.9939936,0.001213842,0,0,0,0,0
DEK,7913,Dom,ENSG00000124795,1369.038462,1367.563488,0.001241279,0,361.8076923,359.5701224,0.0003927,98
6-Sep,23157,Dom,ENSG00000125354,1381.2,1380.423577,0.001443503,0,92.43333333,90.18356607,0.000377386,87
PAX8,7849,Dom,ENSG00000125618,940,937.7495187,0.002170571,0,163.8842105,154.5181675,0.000146494,77
MAX,4149,Rec,ENSG00000125952,940,940,0.00115599,0,361.8076923,361.8076923,0.000447978,66
KDM5C,8242,Rec,ENSG00000126012,1381.2,1380.50693,0.001388724,0,92.43333333,91.70899525,0.001343823,61
SBDS,51119,Rec,ENSG00000126524,3556.3,3551.661709,0.000417642,0,400.1,396.1156457,0.000292774,81
ZNF384,171017,Dom,ENSG00000126746,937.4571429,937.4571429,0.005047108,0,400.1,400.1,0.000549213,100
SSX1,6756,Dom,ENSG00000126752,92.43333333,92.15628951,0.003065301,0,14.85,14.75098367,0.014749966,52
KTN1,3895,Dom,ENSG00000126777,400.1,399.7201857,0.003075974,0,163.8842105,162.3926665,0.000445076,100
NUP214,8021,Dom,ENSG00000126883,1215.81,1215.242096,0.001280144,0,14.85,11.22122838,0.0000488,99
MAP2K2,5605,Dom,ENSG00000126934,2269.5,2264.650899,0.000625147,0,6.083333333,0,0.000474247,94
OMD,4958,Dom,ENSG00000127083,762.8666667,762.5604553,0.003232202,0,400.1,399.9160406,0.004493747,6
BCL11B,64919,Dom,ENSG00000127152,937.4571429,937.1711664,0.002156449,0,92.43333333,91.07340765,0.0000241,100
SMARCA4,6597,Rec,ENSG00000127616,2269.5,2267.940313,0.000398474,0,92.43333333,91.2025112,0.000202773,100
AKAP9,10142,Dom,ENSG00000127914,891.75,891.0799586,0.002485851,0,163.8842105,162.431999,0.000734293,83
HIP1,3092,Dom,ENSG00000127946,1215.81,1215.434099,0.003235859,0,163.8842105,162.4683161,0.000297899,100
KDR,3791,Dom,ENSG00000128052,1369.038462,1368.505668,0.002088253,0,163.8842105,162.245172,0.00034885,93
HCMOGT-1,92521,Dom,ENSG00000128487,1362,1361.999994,146.8436792,0,0,0,0,0
POT1,25913,Unkn,ENSG00000128513,1369.038462,1367.740415,0.000967719,0,92.43333333,91.3927338,0.001767241,100
SMO,6608,Dom,ENSG00000128602,940,939.5034401,0.004682046,0,92.43333333,88.35623725,0.000191241,100
CHN1,1123,Dom,ENSG00000128656,1215.81,1215.81,0.001564499,0,92.43333333,92.43333333,0.000494335,89
HOXD13,3239,Dom,ENSG00000128714,937.4571429,936.1506343,0.004752073,0,92.43333333,81.18515392,0.0000761,100
USP6,9098,Dom,ENSG00000129204,1530.3,1528.296997,0.000914491,0,6.083333333,2.019086526,0.000203671,84
FOXA1,3169,Dom,ENSG00000129514,940,940,0.000957416,0,92.43333333,92.43333333,0.000362218,100
CBFA2T3,863,Dom,ENSG00000129993,940,937.4500922,0.00192421,0,92.43333333,87.30291338,0.000357144,95
MLLT4,4301,Dom,ENSG00000130396,940,939.6167257,0.00478413,0,14.85,9.409682805,0.00015798,97
HLXB9,3110,Dom,ENSG00000130675,940,940,0.001576153,0,0,0,0,0
ZNF331,55422,Dom,ENSG00000130844,1362,1356.900135,0.000555505,0,0,0,0,0
TRAF7,84231,Dom,ENSG00000131653,1369.038462,1368.312924,0.00358239,0,92.43333333,89.38216991,0.000557937,89
RAF1,5894,Dom,ENSG00000132155,1381.2,1380.647816,0.001907486,0,92.43333333,90.79380966,0.000316109,91
PPARG,5468,Dom,ENSG00000132170,937.4571429,937.4571429,0.001459434,0,14.85,14.85,0.00142,81
H3F3B,3021,Dom,ENSG00000132475,1369.038462,1268.72913,0.001356098,0,0,0,0,0
MUTYH,4595,Rec,ENSG00000132781,3556.3,3553.895713,0.000325995,0,92.43333333,91.14826216,0.000257364,100
MYH11,4629,Dom,ENSG00000133392,1530.3,1529.130699,0.001381368,0,92.43333333,89.75059243,0.000191987,76
KRAS,3845,Dom,ENSG00000133703,1381.2,1379.450452,0.000843125,0,6.083333333,0,0.000348493,100
MEN1,4221,Rec,ENSG00000133895,891.75,890.5658857,0.001252293,0,14.85,9.314134942,0.000179057,100
NOTCH2,4853,Dom,ENSG00000134250,2269.5,2269.49897,44.06263921,0,0,0,0,0
MYCN,4613,Dom,ENSG00000134323,940,938.0954679,0.001497102,0,14.85,9.798736462,0.000228418,100
IL6ST,3572,Dom,ENSG00000134352,400.1,399.736301,0.001825461,0,361.8076923,361.1900741,0.00076963,41
CDC73,79577,Rec,ENSG00000134371,1530.3,1529.289747,0.001249617,0,163.8842105,160.5972922,0.000259476,97
DDB2,1643,Rec,ENSG00000134574,1369.038462,1367.909428,0.000958696,0,92.43333333,91.29694809,0.000374908,100
PDGFRA,5156,Dom,ENSG00000134853,1369.038462,1367.972077,0.002088253,0,14.85,9.479963459,0.000180337,96
ERCC5,2073,Rec,ENSG00000134899,3556.3,3554.953123,0.001702239,0,400.1,397.5846986,0.000411927,70
APC,324,Rec,ENSG00000134982,940,939.8373269,0.002903863,0,14.85,13.02155286,0.0000962,74
TCF1,6927,Rec,ENSG00000135100,940,939.1961426,0.000522481,0,361.8076923,360.2218339,0.00033064,100
LMO2,4005,Dom,ENSG00000135363,940,936.8375415,0.001229332,0,92.43333333,82.24422192,0.00021529,83
CDK4,1019,Dom,ENSG00000135446,2269.5,2267.403178,0.000421097,0,400.1,398.7212263,0.000326166,96
MDM2,4193,Dom,ENSG00000135679,1362,1361.483818,0.002764531,0,167.38125,166.5890894,0.000927458,89
PAX3,5077,Dom,ENSG00000135903,937.4571429,937.4571429,0.003562238,0,92.43333333,92.43333333,0.000243408,97
LCP1,3936,Dom,ENSG00000136167,1381.2,1379.399655,0.001183642,0,400.1,398.4281683,0.001073667,11
RAC1,5879,Dom,ENSG00000136238,2269.5,2268.607622,0.0021411,0,0,0,0,0
NKX2-1,7080,Dom,ENSG00000136352,940,938.0343155,0.001625652,0,0,0,0,0
ABI1,10006,Dom,ENSG00000136754,940,939.2331704,0.00114632,0,92.43333333,90.49597584,0.000451255,98
KLF4,9314,Dom,ENSG00000136826,1215.81,1214.571046,0.002401081,0,0,0,0,0
XPA,7507,Rec,ENSG00000136936,1215.81,1215.81,0.000568069,0,163.8842105,163.8842105,0.000478606,100
MYC,4609,Dom,ENSG00000136997,940,939.3638459,0.001497102,0,14.85,9.940443537,0.0000763,100
PIM1,5292,Dom,ENSG00000137193,1215.81,1215.226501,0.000861918,0,163.8842105,162.7361259,0.0002541,94
IRF4,3662,Dom,ENSG00000137265,940,940,0.001607137,0,92.43333333,92.43333333,0.000150422,98
HMGA1,3159,Dom,ENSG00000137309,400.1,400.1,0.000877883,0,0,0,0,0
NUMA1,4926,Dom,ENSG00000137497,400.1,399.8024553,0.002910712,0,92.43333333,91.61852357,0.000942863,100
AF15Q14,57082,Dom,ENSG00000137812,400.1,399.7886625,0.003632444,0,361.8076923,361.5261519,0.004016888,97
FBXO11,80204,Rec,ENSG00000138081,2535.8,2535.8,39.43623737,0,163.8842105,163.8842105,0.000213199,96
NCOA4,8031,Dom,ENSG00000138293,891.75,890.7109538,0.000832926,0,762.8666667,761.9777923,0.000973646,99
LCX,80312,Dom,ENSG00000138336,940,939.3429963,0.004891159,0,92.43333333,91.47572489,0.002494198,99
ATIC,471,Dom,ENSG00000138363,3556.3,3550.298797,0.000336582,0,92.43333333,89.72898151,0.000503314,100
IDH1,3417,Dom,ENSG00000138413,2535.8,2534.520057,0.000656894,0,163.8842105,162.420457,0.0000551,95
RAP1GDS1,5910,Dom,ENSG00000138698,940,939.232997,0.00120189,0,92.43333333,90.37973081,0.000429942,96
ETV6,2120,Dom,ENSG00000139083,940,940,0.002712987,0,0,0,0,0
LRIG3,121227,Dom,ENSG00000139263,940,939.4185103,0.001211197,0,400.1,399.0892735,0.000364579,98
BRCA2,675,Rec,ENSG00000139618,1530.3,1529.366395,0.001155604,0,400.1,398.7612953,0.000279148,100
RB1,5925,Rec,ENSG00000139687,1369.038462,1368.891528,0.002240557,0,92.43333333,91.98874551,0.000570022,100
TCF12,6938,Dom,ENSG00000140262,940,940,0.003090651,0,163.8842105,163.8842105,0.000443575,95
NCOA2,10499,Dom,ENSG00000140396,762.8666667,762.6234409,0.002408089,0,163.8842105,162.7316758,0.000409741,71
PML,5371,Dom,ENSG00000140464,313.4111111,312.3114354,0.000347524,0,92.43333333,91.40868792,0.001178341,100
NTRK3,4916,Dom,ENSG00000140538,940,938.971751,0.003636637,0,92.43333333,86.06744691,0.000215528,95
CRTC3,64784,Dom,ENSG00000140577,891.75,890.267674,0.002307846,0,0,0,0,0
CLTC,1213,Dom,ENSG00000141367,2269.5,2268.656158,0.001636922,0,92.43333333,90.37594489,0.000327761,98
SS18,6760,Dom,ENSG00000141380,937.4571429,937.4571429,0.001159955,0,92.43333333,92.43333333,0.000558846,74
TP53,7157,Rec,ENSG00000141510,940,939.1594534,0.002142546,0,163.8842105,162.5142919,0.000715725,72
MADH4,4089,Rec,ENSG00000141646,940,939.5665949,0.00236366,0,92.43333333,91.19831594,0.000836138,90
ERBB2,2064,Dom,ENSG00000141736,940,939.1936705,0.003299761,0,163.8842105,160.456401,0.000339539,99
BRD4,23476,Dom,ENSG00000141867,2269.5,2269.5,44.06502015,0,0,0,0,0
SH3GL1,6455,Dom,ENSG00000141985,940,938.6112094,0.001614349,0,6.083333333,5.871052852,0.012943233,2
AKT1,207,Dom,ENSG00000142208,1215.81,1213.830659,0.001087714,0,163.8842105,160.3213593,0.000119829,86
CBLC,23624,Rec,ENSG00000142273,940,939.7349128,0.003181913,0,0,0,0,0
PRDM16,63976,Dom,ENSG00000142611,940,940,0.005087272,0,0,0,0,0
BCL10,8915,Dom,ENSG00000142867,891.75,891.75,0.001188063,0,891.75,891.75,0.001188063,96
PRCC,5546,Dom,ENSG00000143294,940,939.4358855,0.00139435,0,163.8842105,161.8627826,0.0000915,100
ABL2,27,Dom,ENSG00000143322,940,940,0.003299761,0,92.43333333,92.43333333,0.0000485,100
ARNT,405,Dom,ENSG00000143437,940,939.6517835,0.003663655,0,163.8842105,161.7407106,0.000211222,100
TPM3,7170,Dom,ENSG00000143549,940,939.4749756,0.001707972,0,6.083333333,0,0.000207123,96
EML4,27436,Dom,ENSG00000143924,1381.2,1381.199962,72.40084182,0,163.8842105,159.1512841,0.000161547,100
LAF4,3899,Dom,ENSG00000144218,891.75,890.6960452,0.00260217,0,92.43333333,88.59607181,0.000564807,100
CMKOR1,57007,Dom,ENSG00000144476,722.5,721.8537894,0.001127005,0,400.1,399.7171482,0.001965739,1
FANCD2,2177,Rec,ENSG00000144554,1369.038462,1366.912542,0.001027602,0,92.43333333,90.0373785,0.0006415,92
LPP,4026,Dom,ENSG00000145012,1381.2,1381.2,72.40159044,0,92.43333333,92.43333333,0.000352232,88
FIP1L1,81608,Dom,ENSG00000145216,1369.038462,1369.038462,0.001868274,0,92.43333333,92.43333333,0.000242229,97
PIK3R1,5295,Rec,ENSG00000145675,940,939.2621897,0.003211957,0,163.8842105,160.9817895,0.000608808,87
GRAF,23092,Dom,ENSG00000145819,1215.81,1215.329523,0.00230927,0,92.43333333,90.69596848,0.000446603,98
EGFR,1956,Dom,ENSG00000146648,940,938.985422,0.003299761,0,92.43333333,88.24143286,0.0000911,92
KDM6A,7403,Rec,ENSG00000147050,1381.2,1381.06633,0.003301452,0,0,0,0,0
MSN,4478,Dom,ENSG00000147065,940,938.2936997,0.002043739,0,92.43333333,83.44509808,0.000102993,99
NONO,4841,Dom,ENSG00000147140,940,940,0.000992645,0,400.1,400.1,0.000483659,26
GPC3,2719,Both,ENSG00000147257,940,937.9959979,0.002188323,0,0,0,0,0
RPL10,6134,Unkn,ENSG00000147403,3556.3,3552.494839,0.000272416,0,14.85,12.64605552,0.00046963,91
WHSC1L1,54904,Dom,ENSG00000147548,2535.8,2535.8,39.43637571,0,92.43333333,92.43333333,0.000470447,92
NFIB,4781,Dom,ENSG00000147862,940,938.9368536,0.002119167,0,0,0,0,0
CDKN2a(p,1029,Rec,ENSG00000147889,742.8888889,740.9801922,0.000943561,0,14.85,14.58726703,0.006172525,60
NOTCH1,4851,Dom,ENSG00000148400,2269.5,2269.5,44.06263921,0,92.43333333,92.43333333,0.000388994,99
TCF7L2,6934,Dom,ENSG00000148737,940,927.7921079,0.001244198,0,0,0,0,0
ATM,472,Rec,ENSG00000149311,2269.5,2269.221533,0.001783518,0,14.85,13.37410366,0.000173266,98
HMGA2,8091,Dom,ENSG00000149948,400.1,400.1,0.000745959,0,0,0,0,0
FOXO1A,2308,Dom,ENSG00000150907,940,940,0.00190879,0,313.4111111,313.4111111,0.001089269,0
EXT2,2132,Rec,ENSG00000151348,2535.8,2535.25136,0.001203651,0,14.85,11.9252175,0.000121953,100
VTI1A,143187,Dom,ENSG00000151532,1369.038462,1369.038462,0.001210965,0,92.43333333,92.43333333,0.000649376,99
FLI1,2313,Dom,ENSG00000151702,940,940,0.002010577,0,14.85,14.85,0.000527677,89
SETBP1,26040,Dom,ENSG00000152217,400.1,399.5467162,0.00164969,0,361.8076923,360.3552133,0.000389439,100
JAZF1,221895,Dom,ENSG00000153814,1215.81,1214.666615,0.000562827,0,92.43333333,89.34914293,0.000196304,100
MSI2,124540,Dom,ENSG00000153944,1369.038462,1369.038462,0.0012829,0,0,0,0,0
XPC,7508,Rec,ENSG00000154767,1530.3,1528.239371,0.000531528,0,313.4111111,311.7540693,0.000610253,0
WIF1,11197,Dom,ENSG00000156076,1530.3,1528.536801,0.006083458,0,92.43333333,80.69465146,0.00058229,99
PHF6,84295,Rec,ENSG00000156531,762.8666667,762.8666667,0.00151199,0,92.43333333,92.43333333,0.000329611,100
MYST4,23522,Dom,ENSG00000156650,2269.5,2269.5,0.001609185,0,92.43333333,92.43333333,0.000295986,100
BUB1B,701,Rec,ENSG00000156970,1369.038462,1369.038462,0.001238431,0,400.1,400.1,0.00030811,98
EIF4A2,1974,Dom,ENSG00000156976,2269.5,2268.453108,0.000696085,0,400.1,399.0138502,0.000450502,45
CACNA1D,776,Dom,ENSG00000157388,1369.038462,1368.006596,0.001169876,0,92.43333333,89.6996396,0.000143022,99
KIT,3815,Dom,ENSG00000157404,1369.038462,1367.758161,0.002088253,0,313.4111111,308.3804251,0.000253638,74
ERG,2078,Dom,ENSG00000157554,940,940,0.002010577,0,14.85,14.85,7.54E-6,87
CREB3L1,90993,Dom,ENSG00000157613,940,938.3234529,0.001006664,0,163.8842105,160.6652225,0.000309829,97
BRAF,673,Dom,ENSG00000157764,1381.2,1380.645021,0.001907486,0,163.8842105,161.8710333,0.000368876,80
SLC34A2,10568,Dom,ENSG00000157765,2535.8,2533.625391,0.000690409,0,92.43333333,90.61105702,0.0000611,100
TNFRSF14,8764,Rec,ENSG00000157873,400.1,397.4606111,0.001072457,0,6.083333333,0,0.000840164,100
FANCC,2176,Rec,ENSG00000158169,742.8888889,741.6600146,0.000433918,0,400.1,398.9823198,0.000805674,100
ELK4,2005,Dom,ENSG00000158711,940,940,0.002010577,0,14.85,14.85,0.000259327,100
SLC45A3,85414,Dom,ENSG00000158715,1369.038462,1368.673277,0.002065106,0,400.1,399.9046311,0.003546933,2
RUNX1,861,Dom,ENSG00000159216,940,938.9118961,0.001838195,0,92.43333333,89.87174407,0.000680956,90
U2AF1,7307,Dom,ENSG00000160201,2269.5,2268.817809,0.002029815,0,0,0,0,0
RALGDS,5900,Dom,ENSG00000160271,1215.81,1215.324315,0.003799737,0,92.43333333,92.11517432,0.006097562,0
RECQL4,9401,Rec,ENSG00000160957,3556.3,3550.098633,0.000735539,0,92.43333333,87.95368437,0.000583967,100
SRSF2,6427,Dom,ENSG00000161547,1381.2,1381.2,0.001105602,0,14.85,14.85,0.011935286,0
TAL1,6886,Dom,ENSG00000162367,937.4571429,937.4571429,0.006766665,0,0,0,0,0
JAK1,3716,Dom,ENSG00000162434,940,939.1596743,0.00113015,0,92.43333333,89.86197272,0.00013665,100
FUBP1,8880,Rec,ENSG00000162613,1381.2,1380.733166,0.001167602,0,92.43333333,91.88440204,0.001280404,99
RBM15,64783,Dom,ENSG00000162775,940,940,0.00598609,0,14.85,14.85,0.009981953,51
REL,5966,Dom,ENSG00000162924,891.75,891.2373672,0.005014812,0,400.1,398.6129882,0.000850067,69
C2orf44,80304,Dom,ENSG00000163026,940,938.7296617,0.000917959,0,92.43333333,91.46330442,0.00202321,100
H3F3A,3020,Dom,ENSG00000163041,1369.038462,1350.378404,0.001356098,0,0,0,0,0
ERCC3,2071,Rec,ENSG00000163161,3556.3,3549.220616,0.000405327,0,313.4111111,305.0288234,0.00011514,99
ATP1A1,476,Dom,ENSG00000163399,3556.3,3555.518369,0.000462257,0,6.083333333,3.999607447,0.000160603,100
FEV,54738,Dom,ENSG00000163497,940,940,0.002010577,0,163.8842105,163.8842105,0.000453222,96
IRTA1,83417,Dom,ENSG00000163518,400.1,399.0382745,0.003304519,0,14.85,14.44163704,0.001266128,73
GMPS,8833,Dom,ENSG00000163655,3556.3,3554.659536,0.000305704,0,92.43333333,91.66071519,0.000595456,99
RPN1,6184,Dom,ENSG00000163902,1381.2,1379.804056,0.000567181,0,92.43333333,90.7490039,0.000498749,100
BAP1,8314,Rec,ENSG00000163930,1530.3,1528.979347,0.001883178,0,92.43333333,86.98877446,0.000229322,100
EBF1,1879,Dom,ENSG00000164330,940,939.5165738,0.001505594,0,92.43333333,90.68899018,0.000165968,100
TERT,7015,Dom,ENSG00000164362,1381.2,1379.576906,0.000703368,0,92.43333333,91.10228308,0.000414807,100
FACL6,23305,Dom,ENSG00000164398,2269.5,2266.607595,0.000513339,0,92.43333333,89.3377236,0.000200458,100
TLX3,30012,Dom,ENSG00000164438,940,940,106.3842104,0,0,0,0,0
HEY1,23462,Dom,ENSG00000164683,940,940,0.001778147,0,313.4111111,313.4111111,0.000219948,87
RAD21,5885,Rec,ENSG00000164754,1530.3,1529.720055,0.001256765,0,14.85,12.38550955,0.000380606,100
COX6C,1345,Dom,ENSG00000164919,762.8666667,755.3953898,0.000490464,0,0,0,0,0
PSIP1,11168,Dom,ENSG00000164985,937.4571429,937.4571429,0.001919319,0,163.8842105,163.8842105,0.000553812,100
SYK,6850,Dom,ENSG00000165025,1126.4,1124.772746,0.00130588,0,361.8076923,357.471961,0.000151752,73
WRN,7486,Rec,ENSG00000165392,3556.3,3555.013273,0.000617656,0,92.43333333,91.44025338,0.000144331,100
TSHR,7253,Dom,ENSG00000165409,940,938.8806239,0.002801515,0,92.43333333,87.37762364,0.00026419,100
NSD1,64324,Dom,ENSG00000165671,2535.8,2535.8,39.43637571,0,163.8842105,163.8842105,0.000393741,83
TSC1,7248,Rec,ENSG00000165699,940,939.449692,0.003607885,0,92.43333333,90.15501701,0.000537815,99
RET,5979,Dom,ENSG00000165731,1369.038462,1367.419329,0.002088253,0,92.43333333,87.8163326,0.000102301,100
LMO1,4004,Dom,ENSG00000166407,940,940,0.001229332,0,92.43333333,92.43333333,0.000208345,88
CDK12,51755,Rec,ENSG00000167258,2269.5,2262.802777,0.000421097,0,0,0,0,0
TPM4,7171,Dom,ENSG00000167460,940,940,0.001707972,0,14.85,14.85,0.000656027,99
KMT2D,8085,Rec,ENSG00000167548,2535.8,2535.8,39.43603994,0,167.38125,167.38125,0.000195882,90
KLK2,3817,Dom,ENSG00000167751,2535.8,2528.898494,0.00035241,0,0,0,0,0
CTNNB1,1499,Dom,ENSG00000168036,940,939.879663,0.002498456,0,92.43333333,92.06589135,0.000648089,100
PAFAH1B2,5049,Dom,ENSG00000168092,2535.8,2535.8,0.000370404,0,92.43333333,92.43333333,0.000188157,99
HOOK3,84376,Dom,ENSG00000168172,1362,1362,0.003418684,0,92.43333333,92.43333333,0.000279802,90
STAT3,6774,Dom,ENSG00000168610,940,939.8122072,0.00228108,0,163.8842105,163.0202492,0.000186241,96
IL7R,3575,Dom,ENSG00000168685,400.1,399.3438812,0.001492229,0,92.43333333,91.43445716,0.001945034,100
TET2,54790,Rec,ENSG00000168769,940,940,0.004891159,0,14.85,14.85,0.000117912,100
MN1,4330,Dom,ENSG00000169184,400.1,394.3320329,0.000713777,0,361.8076923,355.6359682,0.000588957,96
ZRSR2,8233,Rec,ENSG00000169249,2269.5,2269.335193,0.002029815,0,14.85,14.70592461,0.001892593,85
ASPSCR1,79058,Dom,ENSG00000169696,1369.038462,1368.356401,0.002181569,0,313.4111111,310.808123,0.000134954,93
BRD3,8019,Dom,ENSG00000169925,2269.5,2269.499926,44.06502015,0,92.43333333,86.19661431,0.000107905,98
KIF5B,3799,Dom,ENSG00000170759,2269.5,2267.407529,0.00042426,0,92.43333333,90.12800526,0.00034348,99
CHCHD7,79145,Dom,ENSG00000170791,762.8666667,762.8666667,0.000622823,0,400.1,400.1,0.000394219,90
ALK,238,Dom,ENSG00000171094,1362,1361.999932,73.42124612,0,92.43333333,85.08350908,0.000314356,96
CANT1,124583,Dom,ENSG00000171302,1362,1354.76962,0.000452072,0,163.8842105,158.5156777,0.000283481,97
ASXL1,171023,Rec,ENSG00000171456,940,939.7201687,0.002613006,0,313.4111111,312.345906,0.000390618,75
GPHN,10243,Dom,ENSG00000171723,3556.3,3556.3,0.000689058,0,0,0,0,0
CAMTA1,23261,Dom,ENSG00000171735,1369.038462,1368.456771,0.001823389,0,92.43333333,90.55821322,0.000311111,100
BCL2,596,Dom,ENSG00000171791,940,940,0.004637955,0,163.8842105,163.8842105,0.000245179,100
MALT1,10892,Dom,ENSG00000172175,940,939.5956078,0.00109706,0,92.43333333,91.5368464,0.0003719,100
HEAB,10978,Dom,ENSG00000172409,1530.3,1528.795729,0.001035838,0,163.8842105,161.1896923,0.000297875,100
MLLT2,4299,Dom,ENSG00000172493,891.75,890.7293046,0.00260217,0,92.43333333,90.36400862,0.0013015,100
TAF15,8148,Dom,ENSG00000172660,1369.038462,1369.038462,0.000911162,0,163.8842105,163.8842105,0.0000689,99
MYD88,4615,Dom,ENSG00000172936,891.75,889.7280891,0.001493627,0,762.8666667,759.0448847,0.000521214,68
STAT5B,6777,Dom,ENSG00000173757,940,939.6569428,0.00228108,0,0,0,0,0
ALO17,57674,Dom,ENSG00000173821,1381.2,1381.199979,144.8033025,0,92.43333333,88.6560066,0.0000348,84
HRAS,3265,Dom,ENSG00000174775,1381.2,1374.308267,0.000843125,0,14.85,8.096985951,0.00034101,94
DDIT3,1649,Dom,ENSG00000175197,400.1,398.3781944,0.001117261,0,361.8076923,360.2506753,0.001235507,81
ERCC4,2072,Rec,ENSG00000175595,3556.3,3552.376204,0.000299235,0,14.85,9.206499344,0.000122963,100
C16orf75,116028,Dom,ENSG00000175643,400.1,397.5046573,0.001203704,0,0,0,0,0
ETV4,2118,Dom,ENSG00000175832,940,940,0.002010577,0,92.43333333,92.43333333,0.000270022,92
TBL1XR1,79718,Unkn,ENSG00000177565,2269.5,2269.499962,44.06314118,0,14.85,12.38422964,0.000686195,93
JUN,3725,Dom,ENSG00000177606,940,939.3733562,0.002691357,0,0,0,0,0
MLF1,4291,Dom,ENSG00000178053,940,939.5488396,0.001980631,0,14.85,13.19801921,0.000598249,95
PDE4DIP,9659,Dom,ENSG00000178104,762.8666667,762.1807294,0.003401233,0,6.083333333,0,0.0000526,100
DDX10,1662,Dom,ENSG00000178105,2535.8,2531.668959,0.00045791,0,92.43333333,87.42186559,0.0000849,100
MAF,4094,Dom,ENSG00000178573,940,940,0.003984287,0,92.43333333,92.43333333,0.000138781,98
SUZ12,23512,Dom,ENSG00000178691,1362,1361.728328,0.001452643,0,167.38125,166.4282401,0.000257018,98
PER1,5187,Dom,ENSG00000179094,937.4571429,935.6373433,0.000648784,0,167.38125,166.1278829,0.00225125,100
CALR,811,Dom,ENSG00000179218,1530.3,1529.499162,0.000864368,0,92.43333333,91.6142551,0.000291594,100
PTPN11,5781,Dom,ENSG00000179295,1530.3,1530.29998,65.34662737,0,14.85,10.32273046,0.00010101,91
GATA2,2624,Dom,ENSG00000179348,1215.81,1215.157132,0.003901814,0,163.8842105,159.8390162,0.000218721,72
PRF1,5551,Rec,ENSG00000180644,400.1,398.7490123,0.000854519,0,167.38125,166.0783881,0.00055692,86
NPM1,4869,Dom,ENSG00000181163,400.1,399.2686501,0.001345977,0,0,0,0,0
SOX2,6657,Dom,ENSG00000181449,940,940,0.003721652,0,92.43333333,92.43333333,0.0000703,75
SETD2,29072,Rec,ENSG00000181555,2535.8,2535.799948,39.43637571,0,0,0,0,0
PLAG1,5324,Dom,ENSG00000181690,762.8666667,762.8666667,0.002449958,0,92.43333333,92.43333333,0.000647353,97
CREB3L2,64764,Dom,ENSG00000182158,940,937.467259,0.001006664,0,92.43333333,85.89459687,0.000225427,100
P2RY8,286530,Dom,ENSG00000182162,400.1,398.8992467,0.002174736,0,14.85,10.12212102,0.000300404,100
RAD51L1,5890,Dom,ENSG00000182185,3556.3,3556.3,0.00041584,0,0,0,0,0
LCK,3932,Dom,ENSG00000182866,940,940,0.001146606,0,163.8842105,163.8842105,0.000367046,100
EWSR1,2130,Dom,ENSG00000182944,1369.038462,1368.158501,0.000911162,0,163.8842105,161.9882049,0.000217214,84
FANCF,2188,Rec,ENSG00000183161,400.1,399.1643979,0.001255284,0,361.8076923,360.9616338,0.000758093,92
BCOR,54880,Rec,ENSG00000183337,1215.81,1215.479548,0.004749,0,0,0,0,0
FAM46C,54855,Rec,ENSG00000183508,940,933.1169426,0.000541194,0,163.8842105,153.7956741,0.000283578,100
LHFP,10186,Dom,ENSG00000183722,940,940,0.002718698,0,92.43333333,92.43333333,0.0000614,100
CHEK2,11200,Rec,ENSG00000183765,1369.038462,1369.038462,0.002095854,0,400.1,400.1,0.000406216,99
FOXL2,668,Dom,ENSG00000183770,940,937.5000154,0.000957416,0,163.8842105,156.29225,0.000189573,79
TMPRSS2,7113,Dom,ENSG00000184012,891.75,889.6214675,0.001960974,0,92.43333333,88.12121953,0.000386928,100
SS18L1,26039,Dom,ENSG00000184402,937.4571429,937.4571429,0.001159955,0,92.43333333,92.43333333,0.000125074,100
MLLT7,4303,Dom,ENSG00000184481,940,940,0.00190879,0,92.43333333,92.43333333,0.000101435,100
C15orf55,256646,Dom,ENSG00000184507,313.4111111,312.6460632,0.003486175,0,92.43333333,92.11134586,0.008753747,68
MED12,9968,Dom,ENSG00000184634,940,939.805355,0.003218864,0,14.85,14.19888538,0.000757912,74
MSF,10801,Dom,ENSG00000184640,1381.2,1381.2,0.001443503,0,0,0,0,0
AMER1,139285,Rec,ENSG00000184675,400.1,399.3666514,0.002225471,0,163.8842105,162.4192339,0.000621121,100
PNUTL1,5413,Dom,ENSG00000184702,1381.2,1380.04002,0.001443503,0,92.43333333,89.9789501,0.000607486,100
NUTM2A,728118,Dom,ENSG00000184923,313.4111111,313.2431446,0.003486175,0,0,0,,14
WT1,7490,Rec,ENSG00000184937,1215.81,1214.573813,0.002401081,0,0,0,0,0
SOCS1,8651,Rec,ENSG00000185338,937.4571429,936.9882586,0.004128251,0,92.43333333,90.08987019,0.000814847,100
MUC1,4582,Dom,ENSG00000185499,313.4111111,312.3507459,0.000744683,0,163.8842105,162.9495549,0.001424127,100
PBX1,5087,Dom,ENSG00000185630,1184.5,1184.297563,0.005306272,0,163.8842105,162.0420331,0.000174062,92
IKZF1,10320,Both,ENSG00000185811,762.8666667,762.6616621,0.002992788,0,92.43333333,91.43797592,0.000311641,99
PTCH,5727,Rec,ENSG00000185920,1381.2,1379.242783,0.001408872,0,14.85,7.685191449,0.000257576,93
TAL2,6887,Dom,ENSG00000186051,937.4571429,937.4571429,0.006766665,0,92.43333333,92.43333333,0.00052494,95
NF2,4771,Rec,ENSG00000186575,940,937.7097959,0.002043739,0,163.8842105,152.9582731,0.000119633,100
BCR,613,Dom,ENSG00000186716,1215.81,1215.81,0.00230927,0,92.43333333,92.43333333,0.000203422,100
MITF,4286,Dom,ENSG00000187098,940,940,0.003682011,0,92.43333333,92.43333333,0.000396751,100
FNBP1,23048,Dom,ENSG00000187239,940,939.1689175,0.002120294,0,163.8842105,161.7605711,0.000585944,74
TCL6,27004,Dom,ENSG00000187621,,,,,,,,
TCEA1,6917,Dom,ENSG00000187735,1530.3,1530.3,0.00088727,0,92.43333333,92.43333333,0.000675298,95
FANCA,2175,Rec,ENSG00000187741,891.75,889.9495887,0.001234015,0,14.85,11.4171678,0.000394478,88
NUTM2B,729262,Dom,ENSG00000188199,313.4111111,313.0876024,0.003486175,0,0,0,,14
ARID2,196528,Rec,ENSG00000189079,940,939.4553404,0.001840644,0,92.43333333,90.71844649,0.000520732,88
FHIT,2272,Dom,ENSG00000189283,1381.2,1372.078196,0.000652313,0,0,0,0,0
PAX5,5079,Dom,ENSG00000196092,940,940,0.002170571,0,92.43333333,92.43333333,0.000198543,96
SRGAP3,9901,Dom,ENSG00000196220,1215.81,1215.81,82.25051718,0,163.8842105,163.8842105,0.000111683,83
TRRAP,8295,Dom,ENSG00000196367,1381.2,1380.321082,0.002456925,0,92.43333333,89.68545515,0.00025256,84
NACA,4666,Dom,ENSG00000196531,1530.3,1525.47708,0.001022135,0,14.85,13.81516584,0.005014613,52
MKL1,57591,Dom,ENSG00000196588,940,939.0028061,0.003587499,0,92.43333333,87.83724086,0.000359578,93
NF1,4763,Rec,ENSG00000196712,1362,1362,73.42100763,0,92.43333333,92.43333333,0.000445348,84
ARHGEF12,23365,Dom,ENSG00000196914,1215.81,1215.592501,0.003084635,0,167.38125,166.6275125,0.000569771,100
BLM,641,Rec,ENSG00000197299,3556.3,3553.819065,0.000617656,0,167.38125,165.0055302,0.000121615,99
TRIM33,51592,Dom,ENSG00000197323,940,939.9999898,106.3834646,0,92.43333333,89.46016359,0.00010467,96
CD273,80380,Dom,ENSG00000197646,400.1,399.357704,0.001670975,0,167.38125,166.7038652,0.00164798,84
MDS2,259283,Dom,ENSG00000197880,14.85,12.9317362,0.000481001,,14.85,12.9317362,0.000481001,
CARD11,84433,Dom,ENSG00000198286,722.5,721.0876947,0.002176473,0,92.43333333,87.93759689,0.000176062,100
NTRK1,4914,Dom,ENSG00000198400,940,938.996071,0.003636637,0,313.4111111,307.871114,0.000431743,75
MDM4,4194,Dom,ENSG00000198625,1362,1360.980659,0.002764531,0,313.4111111,311.223399,0.0006974,100
ZNF521,25925,Dom,ENSG00000198795,762.8666667,761.4307985,0.001304236,0,163.8842105,157.4745744,0.0000577,99
TOP1,7150,Dom,ENSG00000198900,3556.3,3554.761947,0.000582537,0,92.43333333,90.92174185,0.000284995,99
ECT2L,345930,Rec,ENSG00000203734,940,940,0.004150957,0,400.1,400.1,0.000245694,98
MAFB,9935,Dom,ENSG00000204103,940,940,0.003984287,0,361.8076923,361.8076923,0.000136128,81
DAXX,1616,Rec,ENSG00000204209,940,939.8012247,0.00392381,0,400.1,399.4364935,0.000500912,84
SDHD,6392,Rec,ENSG00000204370,940,940,0.00139066,0,313.4111111,313.4111111,0.000370351,88
POU5F1,5460,Dom,ENSG00000204531,940,940,0.006468139,0,0,0,,18
SSX4,6759,Dom,ENSG00000204645,92.43333333,92.43333333,0.003065301,0,14.85,14.85,0.014749966,52
TRIM27,5987,Dom,ENSG00000204713,400.1,399.869753,0.00209846,0,361.8076923,361.5881751,0.002298453,0
RANBP17,64901,Dom,ENSG00000204764,1530.3,1529.233217,0.001908309,0,92.43333333,89.49142572,0.000464313,100
CRLF2,64109,Dom,ENSG00000205755,313.4111111,308.2798525,0.004673427,0,92.43333333,90.43083177,0.014217706,95
OLIG2,10215,Dom,ENSG00000205927,937.4571429,935.412193,0.001635707,0,92.43333333,85.79038725,0.000403242,73
NRAS,4893,Dom,ENSG00000213281,1381.2,1381.2,0.000843125,0,163.8842105,163.8842105,0.000650563,89
AF3p21,51517,Dom,ENSG00000213672,940,939.4765059,0.001998924,0,163.8842105,162.5394426,0.000211625,83
MTCP1,4515,Dom,ENSG00000214827,313.4111111,313.4111111,0.002826792,0,0,0,0,0
FANCG,2189,Rec,ENSG00000221829,742.8888889,742.4226333,0.000821469,0,400.1,399.7901097,0.001525264,100
STL,7955,Dom,ENSG00000236548,,,,,,,,
SSX2,6757,Dom,ENSG00000241476,92.43333333,72.24370769,0.003065301,0,6.083333333,0.252524686,0.021824877,82
ETV5,2119,Dom,ENSG00000244405,940,940,0.002010577,0,14.85,14.85,0.000260741,98
CEBPA,1050,Dom,ENSG00000245848,940,938.8549282,0.001248965,0,92.43333333,88.25028309,0.0004348,98
MALAT1,378938,Dom,ENSG00000251562,,,,,,,,
FLJ27352,145788,Dom,ENSG00000261652,,,,,,,,
